{"cameraMode":{"drawMode":0,"name":"Shaded","section":"Shading Mode"},"sceneLighting":true,"audioPlay":false,"sceneViewState":{"m_AlwaysRefresh":false,"showFog":true,"showSkybox":true,"showFlares":true,"showImageEffects":true,"showParticleSystems":true,"showVisualEffectGraphs":true,"m_FxEnabled":true},"in2DMode":false,"pivot":{"x":0.004579663276672363,"y":-0.12469238042831421,"z":0.03541135787963867},"rotation":{"x":-0.10692742466926575,"y":0.887628972530365,"z":-0.26035207509994509,"w":-0.3645521402359009},"size":0.90739506483078,"orthographic":false}