{"cameraMode":{"drawMode":0,"name":"Shaded","section":"Shading Mode"},"sceneLighting":true,"audioPlay":false,"sceneViewState":{"m_AlwaysRefresh":false,"showFog":true,"showSkybox":true,"showFlares":true,"showImageEffects":true,"showParticleSystems":true,"showVisualEffectGraphs":true,"m_FxEnabled":true},"in2DMode":false,"pivot":{"x":-0.025534436106681825,"y":0.2685973644256592,"z":0.0061584822833538059},"rotation":{"x":0.27965259552001955,"y":0.6500974893569946,"z":-0.6485497355461121,"w":0.28031012415885928},"size":1.1262444257736207,"orthographic":false}